assists,bonus,bps,clean_sheets,goals_conceded,goals_scored,minutes,own_goals,penalties_missed,penalties_saved,red_cards,round,saves,selected,total_points,transfers_in,transfers_out,value,yellow_cards
-0.1732127056827866,-0.23683094461289872,0.00917090905602809,-0.3822341500025313,-0.5862803008165586,-0.13897551606214228,0.10691337634936583,-0.06301858040198978,,,-0.05464254339871338,0.37205183065056324,,-0.43897885330459985,1.0,-0.30820397811096945,-0.29780471417843274,-1.036206661963993,-0.2828898848286983
