assists,bonus,bps,clean_sheets,goals_conceded,goals_scored,minutes,own_goals,penalties_missed,penalties_saved,red_cards,round,saves,selected,total_points,transfers_in,transfers_out,value,yellow_cards
-0.1732127056827866,-0.23683094461289872,-0.7819631664509715,-0.3822341500025313,-0.5862803008165586,-0.13897551606214228,-0.937678126575504,-0.06301858040198978,,,-0.05464254339871338,0.28272981277866116,,-0.439030015303221,0.0,-0.30866326710610636,-0.29784486659261217,-1.036206661963993,-0.2828898848286983
-0.1732127056827866,-0.23683094461289872,-0.7819631664509715,-0.3822341500025313,-0.5862803008165586,-0.13897551606214228,-0.937678126575504,-0.06301858040198978,,,-0.05464254339871338,0.37205183065056324,,-0.43891404810634643,0.0,-0.3077829631987606,-0.29776456176425337,-1.036206661963993,-0.2828898848286983
