assists,bonus,bps,clean_sheets,goals_conceded,goals_scored,minutes,own_goals,penalties_missed,penalties_saved,red_cards,round,saves,selected,total_points,transfers_in,transfers_out,value,yellow_cards
5.083407041901491,-0.2368309446128589,1.5914390600698904,-0.3822341500024459,1.3179755116640206,-0.13897551606211664,1.1282917347649226,-0.06301858040201028,,,-0.05464254339871239,0.3720518306505621,,-0.4389447453055183,4.0,-0.30793605953048003,-0.297804714178435,-1.0362066619639736,-0.2828898848286566
