assists,bonus,bps,clean_sheets,goals_conceded,goals_scored,minutes,own_goals,penalties_missed,penalties_saved,red_cards,round,saves,selected,total_points,transfers_in,transfers_out,value,yellow_cards
-0.1732127056828071,-0.2368309446128589,-0.7819631664509041,-0.3822341500024459,-0.5862803008165173,-0.13897551606211664,-0.9376781265756108,-0.06301858040201028,,,-0.05464254339871239,0.28272981277866027,,-0.43796925653180857,0.0,-0.2965112457764486,-0.297322885208282,-0.2546516135176642,-0.2828898848286566
-0.1732127056828071,-0.2368309446128589,0.9980885034396918,-0.3822341500024459,3.2222313241445586,-0.13897551606211664,1.1515048792743667,-0.06301858040201028,,,-0.05464254339871239,0.3720518306505621,,-0.436055797783378,-1.0,-0.28577536551512256,-0.2950341976000551,-0.2546516135176642,3.534800189955872
