assists,bonus,bps,clean_sheets,goals_conceded,goals_scored,minutes,own_goals,penalties_missed,penalties_saved,red_cards,round,saves,selected,total_points,transfers_in,transfers_out,value,yellow_cards
-0.1732127056828071,-0.2368309446128589,-0.7819631664509041,-0.3822341500024459,-0.5862803008165173,-0.13897551606211664,-0.9376781265756108,-0.06301858040201028,,,-0.05464254339871239,-0.16388027658084875,,-0.4390300153032202,0.0,-0.30866326710611347,-0.29784486659261444,-1.0362066619639736,-0.2828898848286566
-0.1732127056828071,-0.2368309446128589,-0.7819631664509041,-0.3822341500024459,-0.5862803008165173,-0.13897551606211664,-0.9376781265756108,-0.06301858040201028,,,-0.05464254339871239,-0.07455825870894695,,-0.43864459491360763,0.0,-0.3066730147938534,-0.29762402831462764,-1.0362066619639736,-0.2828898848286566
-0.1732127056828071,-0.2368309446128589,-0.7819631664509041,-0.3822341500024459,-0.5862803008165173,-0.13897551606211664,-0.9376781265756108,-0.06301858040201028,,,-0.05464254339871239,0.014763759162954854,,-0.4384058389200423,0.0,-0.30707489266459825,-0.2971020469302952,-1.0362066619639736,-0.2828898848286566
-0.1732127056828071,-0.2368309446128589,-0.7819631664509041,-0.3822341500024459,-0.5862803008165173,-0.13897551606211664,-0.9376781265756108,-0.06301858040201028,,,-0.05464254339871239,0.10408577703485666,,-0.43812444792762606,0.0,-0.3068069740841017,-0.2970217421019364,-1.0362066619639736,-0.2828898848286566
-0.1732127056828071,-0.2368309446128589,-0.7819631664509041,-0.3822341500024459,-0.5862803008165173,-0.13897551606211664,-0.9376781265756108,-0.06301858040201028,,,-0.05464254339871239,0.19340779490675847,,-0.43762135494118487,0.0,-0.30512291443526623,-0.29607816036872003,-1.0362066619639736,-0.2828898848286566
-0.1732127056828071,-0.2368309446128589,-0.7819631664509041,-0.3822341500024459,-0.5862803008165173,-0.13897551606211664,-0.9376781265756108,-0.06301858040201028,,,-0.05464254339871239,0.28272981277866027,,-0.43732802614909033,0.0,-0.30682611112556574,-0.2959978555403612,-1.0362066619639736,-0.2828898848286566
-0.1732127056828071,-0.2368309446128589,-0.7819631664509041,-0.3822341500024459,-0.5862803008165173,-0.13897551606211664,-0.9376781265756108,-0.06301858040201028,,,-0.05464254339871239,0.3720518306505621,,-0.4371643077535027,0.0,-0.30669215183531745,-0.29674067520268044,-1.0362066619639736,-0.2828898848286566
