assists,bonus,bps,clean_sheets,goals_conceded,goals_scored,minutes,own_goals,penalties_missed,penalties_saved,red_cards,round,saves,selected,total_points,transfers_in,transfers_out,value,yellow_cards
-0.1732127056827866,-0.23683094461289872,-0.7819631664509715,-0.3822341500025313,-0.5862803008165586,-0.13897551606214228,-0.937678126575504,-0.06301858040198978,,,-0.05464254339871338,-0.16388027658084928,,-0.439030015303221,0.0,-0.30866326710610636,-0.29784486659261217,-1.036206661963993,-0.2828898848286983
-0.1732127056827866,-0.23683094461289872,-0.7819631664509715,-0.3822341500025313,-0.5862803008165586,-0.13897551606214228,-0.937678126575504,-0.06301858040198978,,,-0.05464254339871338,-0.0745582587089472,,-0.4386445949136084,0.0,-0.30667301479384634,-0.29762402831462537,-1.036206661963993,-0.2828898848286983
-0.1732127056827866,-0.23683094461289872,-0.7819631664509715,-0.3822341500025313,-0.5862803008165586,-0.13897551606214228,-0.937678126575504,-0.06301858040198978,,,-0.05464254339871338,0.014763759162954903,,-0.4384058389200431,0.0,-0.30707489266459115,-0.29710204693029296,-1.036206661963993,-0.2828898848286983
-0.1732127056827866,-0.23683094461289872,-0.7819631664509715,-0.3822341500025313,-0.5862803008165586,-0.13897551606214228,-0.937678126575504,-0.06301858040198978,,,-0.05464254339871338,0.104085777034857,,-0.43812444792762684,0.0,-0.3068069740840946,-0.2970217421019341,-1.036206661963993,-0.2828898848286983
-0.1732127056827866,-0.23683094461289872,-0.7819631664509715,-0.3822341500025313,-0.5862803008165586,-0.13897551606214228,-0.937678126575504,-0.06301858040198978,,,-0.05464254339871338,0.19340779490675908,,-0.43762135494118565,0.0,-0.3051229144352592,-0.29607816036871776,-1.036206661963993,-0.2828898848286983
-0.1732127056827866,-0.23683094461289872,-0.7819631664509715,-0.3822341500025313,-0.5862803008165586,-0.13897551606214228,-0.937678126575504,-0.06301858040198978,,,-0.05464254339871338,0.28272981277866116,,-0.4373280261490911,0.0,-0.30682611112555863,-0.2959978555403589,-1.036206661963993,-0.2828898848286983
-0.1732127056827866,-0.23683094461289872,-0.7819631664509715,-0.3822341500025313,-0.5862803008165586,-0.13897551606214228,-0.937678126575504,-0.06301858040198978,,,-0.05464254339871338,0.37205183065056324,,-0.43716430775350346,0.0,-0.30669215183531034,-0.29674067520267816,-1.036206661963993,-0.2828898848286983
