assists,bonus,bps,clean_sheets,goals_conceded,goals_scored,minutes,own_goals,penalties_missed,penalties_saved,red_cards,round,saves,selected,total_points,transfers_in,transfers_out,value,yellow_cards
-0.1732127056827866,-0.23683094461289872,-0.3863961286974717,-0.3822341500025313,-0.5862803008165586,-0.13897551606214228,-0.8216124040282962,-0.06301858040198978,,,-0.05464254339871338,0.19340779490675908,,-0.4358460335890321,1.0,-0.2728769995683538,-0.29541564553475735,-0.25465161351766896,-0.2828898848286983
-0.1732127056827866,-0.23683094461289872,-0.48528788813584667,-0.3822341500025313,-0.5862803008165586,-0.13897551606214228,-0.8912518375566209,-0.06301858040198978,,,-0.05464254339871338,0.28272981277866116,,-0.42878226697940686,1.0,-0.22216383968865105,-0.2805994047025519,-0.25465161351766896,-0.2828898848286983
-0.1732127056827866,-0.23683094461289872,-0.48528788813584667,-0.3822341500025313,0.3658476054237774,-0.13897551606214228,-0.9144649820660624,-0.06301858040198978,,,-0.05464254339871338,0.37205183065056324,,-0.4295838049578047,1.0,-0.30035779111071353,-0.27987666124732236,-0.25465161351766896,-0.2828898848286983
