assists,bonus,bps,clean_sheets,goals_conceded,goals_scored,minutes,own_goals,penalties_missed,penalties_saved,red_cards,round,saves,selected,total_points,transfers_in,transfers_out,value,yellow_cards
-0.1732127056827866,-0.23683094461289872,-0.7819631664509715,-0.3822341500025313,-0.5862803008165586,-0.13897551606214228,-0.937678126575504,-0.06301858040198978,,,-0.05464254339871338,0.28272981277866116,,-0.43796925653180935,0.0,-0.2965112457764417,-0.29732288520827976,-0.25465161351766896,-0.2828898848286983
-0.1732127056827866,-0.23683094461289872,0.9980885034397776,-0.3822341500025313,3.2222313241447855,-0.13897551606214228,1.1515048792742355,-0.06301858040198978,,,-0.05464254339871338,0.37205183065056324,,-0.4360557977833788,-1.0,-0.28577536551511595,-0.2950341976000529,-0.25465161351766896,3.5348001899563934
