assists,bonus,bps,clean_sheets,goals_conceded,goals_scored,minutes,own_goals,penalties_missed,penalties_saved,red_cards,round,saves,selected,total_points,transfers_in,transfers_out,value,yellow_cards
-0.1732127056828071,-0.2368309446128589,0.0091709090560273,-0.3822341500024459,-0.5862803008165173,-0.13897551606211664,0.10691337634937802,-0.06301858040201028,,,-0.05464254339871239,0.3720518306505621,,-0.43897885330459907,1.0,-0.30820397811097655,-0.297804714178435,-1.0362066619639736,-0.2828898848286566
