assists,bonus,bps,clean_sheets,goals_conceded,goals_scored,minutes,own_goals,penalties_missed,penalties_saved,red_cards,round,saves,selected,total_points,transfers_in,transfers_out,value,yellow_cards
-0.1732127056828071,-0.2368309446128589,-0.7819631664509041,-0.3822341500024459,-0.5862803008165173,-0.13897551606211664,-0.9376781265756108,-0.06301858040201028,,,-0.05464254339871239,-0.16388027658084875,,-0.4390300153032202,0.0,-0.30866326710611347,-0.29784486659261444,-1.0362066619639736,-0.2828898848286566
-0.1732127056828071,-0.2368309446128589,0.20695442793276017,-0.3822341500024459,1.3179755116640206,-0.13897551606211664,0.9890128677082575,-0.06301858040201028,,,-0.05464254339871239,-0.07455825870894695,,-0.43890552110657544,1.0,-0.3083570744426889,-0.2977645617642556,-1.0362066619639736,-0.2828898848286566
-0.1732127056828071,-0.2368309446128589,-0.48528788813580487,-0.3822341500024459,-0.5862803008165173,-0.13897551606211664,-0.9144649820661666,-0.06301858040201028,,,-0.05464254339871239,0.014763759162954854,,-0.4382046017254658,1.0,-0.30221408413273226,-0.2971020469302952,-1.0362066619639736,-0.2828898848286566
-0.1732127056828071,-0.2368309446128589,-0.7819631664509041,-0.3822341500024459,-0.5862803008165173,-0.13897551606211664,-0.9376781265756108,-0.06301858040201028,,,-0.05464254339871239,0.10408577703485666,,-0.4378891027339688,0.0,-0.30445311798402486,-0.2957970934694641,-1.0362066619639736,-0.2828898848286566
-0.1732127056828071,-0.2368309446128589,-0.7819631664509041,-0.3822341500024459,-0.5862803008165173,-0.13897551606211664,-0.9376781265756108,-0.06301858040201028,,,-0.05464254339871239,0.19340779490675847,,-0.4376878655393923,0.0,-0.30575443680357955,-0.2941508444881079,-1.0362066619639736,-0.2828898848286566
-0.1732127056828071,-0.2368309446128589,-0.7819631664509041,-0.3822341500024459,-0.5862803008165173,-0.13897551606211664,-0.9376781265756108,-0.06301858040201028,,,-0.05464254339871239,0.28272981277866027,,-0.4374712797452295,0.0,-0.30734281124509477,-0.29571678864110523,-1.0362066619639736,-0.2828898848286566
-0.1732127056828071,-0.2368309446128589,-0.7819631664509041,-0.3822341500024459,-0.5862803008165173,-0.13897551606211664,-0.9376781265756108,-0.06301858040201028,,,-0.05464254339871239,0.3720518306505621,,-0.43741841234665435,0.0,-0.3077064150329115,-0.29662021796014215,-1.1925176716532355,-0.2828898848286566
