assists,bonus,bps,clean_sheets,goals_conceded,goals_scored,minutes,own_goals,penalties_missed,penalties_saved,red_cards,round,saves,selected,total_points,transfers_in,transfers_out,value,yellow_cards
-0.1732127056828071,-0.2368309446128589,-0.38639612869743845,-0.3822341500024459,-0.5862803008165173,-0.13897551606211664,-0.8216124040283899,-0.06301858040201028,,,-0.05464254339871239,0.19340779490675847,,-0.43584603358903135,1.0,-0.27287699956836015,-0.2954156455347596,-0.2546516135176642,-0.2828898848286566
-0.1732127056828071,-0.2368309446128589,-0.48528788813580487,-0.3822341500024459,-0.5862803008165173,-0.13897551606211664,-0.8912518375567224,-0.06301858040201028,,,-0.05464254339871239,0.28272981277866027,,-0.4287822669794061,1.0,-0.2221638396886562,-0.280599404702554,-0.2546516135176642,-0.2828898848286566
-0.1732127056828071,-0.2368309446128589,-0.48528788813580487,-0.3822341500024459,0.36584760542375167,-0.13897551606211664,-0.9144649820661666,-0.06301858040201028,,,-0.05464254339871239,0.3720518306505621,,-0.4295838049578039,1.0,-0.3003577911107205,-0.27987666124732447,-0.2546516135176642,-0.2828898848286566
