assists,bonus,bps,clean_sheets,goals_conceded,goals_scored,minutes,own_goals,penalties_missed,penalties_saved,red_cards,round,saves,selected,total_points,transfers_in,transfers_out,value,yellow_cards
-0.1732127056828071,-0.2368309446128589,-0.7819631664509041,-0.3822341500024459,-0.5862803008165173,-0.13897551606211664,-0.9376781265756108,-0.06301858040201028,,,-0.05464254339871239,0.28272981277866027,,-0.4390300153032202,0.0,-0.30866326710611347,-0.29784486659261444,-1.0362066619639736,-0.2828898848286566
-0.1732127056828071,-0.2368309446128589,-0.7819631664509041,-0.3822341500024459,-0.5862803008165173,-0.13897551606211664,-0.9376781265756108,-0.06301858040201028,,,-0.05464254339871239,0.3720518306505621,,-0.4388185457089195,0.0,-0.30701748154020614,-0.2976842569358968,-1.0362066619639736,-0.2828898848286566
