assists,bonus,bps,clean_sheets,goals_conceded,goals_scored,minutes,own_goals,penalties_missed,penalties_saved,red_cards,round,saves,selected,total_points,transfers_in,transfers_out,value,yellow_cards
5.083407041900889,-0.23683094461289872,1.5914390600700274,-0.3822341500025313,1.3179755116641134,-0.13897551606214228,1.128291734764794,-0.06301858040198978,,,-0.05464254339871338,0.37205183065056324,,-0.4389447453055191,4.0,-0.30793605953047287,-0.29780471417843274,-1.036206661963993,-0.2828898848286983
