assists,bonus,bps,clean_sheets,goals_conceded,goals_scored,minutes,own_goals,penalties_missed,penalties_saved,red_cards,round,saves,selected,total_points,transfers_in,transfers_out,value,yellow_cards
-0.1732127056827866,-0.23683094461289872,-0.7819631664509715,-0.3822341500025313,-0.5862803008165586,-0.13897551606214228,-0.937678126575504,-0.06301858040198978,,,-0.05464254339871338,-0.16388027658084928,,-0.439030015303221,0.0,-0.30866326710610636,-0.29784486659261217,-1.036206661963993,-0.2828898848286983
-0.1732127056827866,-0.23683094461289872,0.206954427932778,-0.3822341500025313,1.3179755116641134,-0.13897551606214228,0.9890128677081448,-0.06301858040198978,,,-0.05464254339871338,-0.0745582587089472,,-0.4389055211065762,1.0,-0.30835707444268173,-0.29776456176425337,-1.036206661963993,-0.2828898848286983
-0.1732127056827866,-0.23683094461289872,-0.48528788813584667,-0.3822341500025313,-0.5862803008165586,-0.13897551606214228,-0.9144649820660624,-0.06301858040198978,,,-0.05464254339871338,0.014763759162954903,,-0.4382046017254666,1.0,-0.30221408413272527,-0.29710204693029296,-1.036206661963993,-0.2828898848286983
-0.1732127056827866,-0.23683094461289872,-0.7819631664509715,-0.3822341500025313,-0.5862803008165586,-0.13897551606214228,-0.937678126575504,-0.06301858040198978,,,-0.05464254339871338,0.104085777034857,,-0.4378891027339696,0.0,-0.3044531179840178,-0.2957970934694618,-1.036206661963993,-0.2828898848286983
-0.1732127056827866,-0.23683094461289872,-0.7819631664509715,-0.3822341500025313,-0.5862803008165586,-0.13897551606214228,-0.937678126575504,-0.06301858040198978,,,-0.05464254339871338,0.19340779490675908,,-0.4376878655393931,0.0,-0.30575443680357245,-0.2941508444881057,-1.036206661963993,-0.2828898848286983
-0.1732127056827866,-0.23683094461289872,-0.7819631664509715,-0.3822341500025313,-0.5862803008165586,-0.13897551606214228,-0.937678126575504,-0.06301858040198978,,,-0.05464254339871338,0.28272981277866116,,-0.4374712797452303,0.0,-0.30734281124508767,-0.295716788641103,-1.036206661963993,-0.2828898848286983
-0.1732127056827866,-0.23683094461289872,-0.7819631664509715,-0.3822341500025313,-0.5862803008165586,-0.13897551606214228,-0.937678126575504,-0.06301858040198978,,,-0.05464254339871338,0.37205183065056324,,-0.4374184123466551,0.0,-0.3077064150329044,-0.29662021796013993,-1.1925176716532577,-0.2828898848286983
