assists,bonus,bps,clean_sheets,goals_conceded,goals_scored,minutes,own_goals,penalties_missed,penalties_saved,red_cards,round,saves,selected,total_points,transfers_in,transfers_out,value,yellow_cards,own_FDR,opp_FDR
-0.2469300176059764,-0.22824520418603397,-0.3545914021024964,-0.37312246989586473,-0.5648017400352389,-0.24657840311895732,-0.7916780242108499,-0.02524026204965426,-0.038426028776013706,,-0.04096640892832957,0.2815064787987837,,-0.35437688474885637,1.0,-0.2512880988182801,-0.2564361056003834,-0.6947247814932193,-0.27540893076589285,0.0681646770919054,2.302216505801305
-0.2469300176059764,-0.22824520418603397,-0.6631382390349079,-0.37312246989586473,-0.5648017400352389,-0.24657840311895732,-0.9168977491836076,-0.02524026204965426,-0.038426028776013706,,-0.04096640892832957,0.3710797236361081,,-0.35427400640671286,0.0,-0.25080926896328515,-0.2562746751834813,-0.6947247814932193,-0.27540893076589285,0.0681646770919054,-0.931919207898386
