assists,bonus,bps,clean_sheets,goals_conceded,goals_scored,minutes,own_goals,penalties_missed,penalties_saved,red_cards,round,saves,selected,total_points,transfers_in,transfers_out,value,yellow_cards,own_FDR,opp_FDR
-0.24693001760597957,-0.22824520418604116,-0.8688361303231569,-0.3731224698958718,-0.564801740035241,-0.2465784031189818,-0.8918538041890597,-0.02524026204965489,-0.03842602877602964,,-0.040966408928327716,0.28150647879878365,,-0.35442242106423233,0.0,-0.2516120131319486,-0.2564361056003834,-0.3278377866124976,3.6308426433384637,-0.9879985076311774,0.14612603000151073
-0.24693001760597957,-0.22824520418604116,-0.6631382390348887,-0.3731224698958718,-0.564801740035241,-0.2465784031189818,-0.9168977491836113,-0.02524026204965489,-0.03842602877602964,,-0.040966408928327716,0.37107972363610797,,-0.35435664638646847,0.0,-0.2512035994320999,-0.256403819517003,-0.3278377866124976,-0.27540893076588535,-0.9879985076311774,-0.9319192078983848
