assists,bonus,bps,clean_sheets,goals_conceded,goals_scored,minutes,own_goals,penalties_missed,penalties_saved,red_cards,round,saves,selected,total_points,transfers_in,transfers_out,value,yellow_cards,own_FDR,opp_FDR
-0.2469300176059764,-0.22824520418603397,-0.3545914021024964,-0.37312246989586473,-0.5648017400352389,-0.24657840311895732,-0.6915022442326437,-0.02524026204965426,-0.038426028776013706,,-0.04096640892832957,0.3710797236361081,,-0.35411209950760175,1.0,-0.2490347818535978,-0.25635539039193234,-0.32783778661250107,-0.27540893076589285,0.0681646770919054,-0.931919207898386
