assists,bonus,bps,clean_sheets,goals_conceded,goals_scored,minutes,own_goals,penalties_missed,penalties_saved,red_cards,round,saves,selected,total_points,transfers_in,transfers_out,value,yellow_cards,own_FDR,opp_FDR
-0.2469300176059764,-0.22824520418603397,-0.6631382390349079,-0.37312246989586473,-0.5648017400352389,-0.24657840311895732,-0.9168977491836076,-0.02524026204965426,-0.038426028776013706,,-0.04096640892832957,-0.0767865005505136,,-0.35442242106423133,0.0,-0.25161201313195325,-0.2564361056003834,-0.6947247814932193,-0.27540893076589285,-0.9879985076311723,0.14612603000151092
-0.2469300176059764,-0.22824520418603397,-0.6631382390349079,-0.37312246989586473,-0.5648017400352389,-0.24657840311895732,-0.9168977491836076,-0.02524026204965426,-0.038426028776013706,,-0.04096640892832957,0.012786744286810729,,-0.3543785712790554,0.0,-0.25133034851136793,-0.25632310430855193,-0.6947247814932193,-0.27540893076589285,-0.9879985076311723,0.14612603000151092
-0.2469300176059764,-0.22824520418603397,-0.6631382390349079,-0.37312246989586473,-0.5648017400352389,-0.24657840311895732,-0.9168977491836076,-0.02524026204965426,-0.038426028776013706,,-0.04096640892832957,0.10235998912413506,,-0.35433134843348135,0.0,-0.2512458491251924,-0.2563069612668617,-0.6947247814932193,-0.27540893076589285,-0.9879985076311723,-0.931919207898386
-0.2469300176059764,-0.22824520418603397,-0.6631382390349079,-0.37312246989586473,-0.5648017400352389,-0.24657840311895732,-0.9168977491836076,-0.02524026204965426,-0.038426028776013706,,-0.04096640892832957,0.1919332339614594,,-0.3542858121181064,0.0,-0.2511895162010753,-0.2560648156415086,-0.6947247814932193,-0.27540893076589285,-0.9879985076311723,0.14612603000151092
-0.2469300176059764,-0.22824520418603397,-0.6631382390349079,-0.37312246989586473,-0.5648017400352389,-0.24657840311895732,-0.9168977491836076,-0.02524026204965426,-0.038426028776013706,,-0.04096640892832957,0.2815064787987837,,-0.35430605048049524,0.0,-0.25161201313195325,-0.2562746751834813,-0.6947247814932193,-0.27540893076589285,-0.9879985076311723,0.14612603000151092
-0.2469300176059764,-0.22824520418603397,-0.6631382390349079,-0.37312246989586473,-0.5648017400352389,-0.24657840311895732,-0.9168977491836076,-0.02524026204965426,-0.038426028776013706,,-0.04096640892832957,0.3710797236361081,,-0.3543094235408934,0.0,-0.25161201313195325,-0.256403819517003,-0.6947247814932193,-0.27540893076589285,-0.9879985076311723,0.14612603000151092
