assists,bonus,bps,clean_sheets,goals_conceded,goals_scored,minutes,own_goals,penalties_missed,penalties_saved,red_cards,round,saves,selected,total_points,transfers_in,transfers_out,value,yellow_cards,own_FDR,opp_FDR
-0.2469300176059764,-0.22824520418603397,1.3938406738478357,-0.37312246989586473,0.44689174892824235,3.316807895126042,0.736002620456794,-0.02524026204965426,-0.038426028776013706,,-0.04096640892832957,0.1919332339614594,,-0.3521709032484677,7.0,-0.22779726946146636,-0.24915559379809987,-0.32783778661250107,-0.27540893076589285,-0.9879985076311723,-0.931919207898386
-0.2469300176059764,1.6893486537305276,1.59953856513611,-0.37312246989586473,1.4585852378917235,3.316807895126042,0.21007977557121169,-0.02524026204965426,-0.038426028776013706,,-0.04096640892832957,0.2815064787987837,,-0.34014088333847387,7.0,-0.14335421620999428,-0.24048678041045854,-0.32783778661250107,-0.27540893076589285,-0.9879985076311723,-0.931919207898386
-0.2469300176059764,-0.22824520418603397,-0.3545914021024964,-0.37312246989586473,4.493665704782167,-0.24657840311895732,0.6859147304676909,-0.02524026204965426,-0.038426028776013706,,-0.04096640892832957,0.3710797236361081,,-0.32638554303482736,2.0,-0.11728615557482504,-0.23414256502620706,-0.32783778661250107,-0.27540893076589285,-0.9879985076311723,0.14612603000151092
