assists,bonus,bps,clean_sheets,goals_conceded,goals_scored,minutes,own_goals,penalties_missed,penalties_saved,red_cards,round,saves,selected,total_points,transfers_in,transfers_out,value,yellow_cards,own_FDR,opp_FDR
-0.24693001760597957,-0.22824520418604116,-0.6631382390348887,-0.3731224698958718,-0.564801740035241,-0.2465784031189818,-0.9168977491836113,-0.02524026204965489,-0.03842602877602964,,-0.040966408928327716,-1.5995316627850267,,-0.35282021737511216,0.0,-0.2516120131319486,-0.2564361056003834,-0.6947247814932118,-0.27540893076588535,0.06816467709190577,0.14612603000151073
-0.24693001760597957,-0.22824520418604116,-0.6631382390348887,-0.3731224698958718,-0.564801740035241,-0.2465784031189818,-0.9168977491836113,-0.02524026204965489,-0.03842602877602964,,-0.040966408928327716,-1.5099584179477024,,-0.3519600869735845,0.0,-0.24899253216050538,-0.2536756454713579,-0.6947247814932118,-0.27540893076588535,0.06816467709190577,-0.9319192078983848
-0.24693001760597957,-0.22824520418604116,-0.6631382390348887,-0.3731224698958718,-0.564801740035241,-0.2465784031189818,-0.9168977491836113,-0.02524026204965489,-0.03842602877602964,,-0.040966408928327716,-1.4203851731103783,,-0.3519988771681632,0.0,-0.2503304391082855,-0.25272320601163567,-0.6947247814932118,-0.27540893076588535,0.06816467709190577,-0.9319192078983848
-0.24693001760597957,-0.22824520418604116,-0.5602892933907544,-0.3731224698958718,-0.564801740035241,-0.2465784031189818,-0.7165461892271983,-0.02524026204965489,-0.03842602877602964,,-0.040966408928327716,-1.330811928273054,,-0.3519836983963715,1.0,-0.2502881894151977,-0.2534173568043146,-0.6947247814932118,-0.27540893076588535,0.06816467709190577,-0.9319192078983848
