assists,bonus,bps,clean_sheets,goals_conceded,goals_scored,minutes,own_goals,penalties_missed,penalties_saved,red_cards,round,saves,selected,total_points,transfers_in,transfers_out,value,yellow_cards,own_FDR,opp_FDR
-0.24693001760597957,-0.22824520418604116,1.393840673847795,-0.3731224698958718,0.44689174892824396,3.3168078951263715,0.7360026204567971,-0.02524026204965489,-0.03842602877602964,,-0.040966408928327716,0.19193323396145934,,-0.3521709032484687,7.0,-0.22779726946146217,-0.24915559379809987,-0.3278377866124976,-0.27540893076588535,-0.9879985076311774,-0.9319192078983848
-0.24693001760597957,1.6893486537305806,1.5995385651360634,-0.3731224698958718,1.4585852378917288,3.3168078951263715,0.21007977557121255,-0.02524026204965489,-0.03842602877602964,,-0.040966408928327716,0.28150647879878365,,-0.3401408833384748,7.0,-0.14335421620999164,-0.24048678041045854,-0.3278377866124976,-0.27540893076588535,-0.9879985076311774,-0.9319192078983848
-0.24693001760597957,-0.22824520418604116,-0.3545914021024861,-0.3731224698958718,4.493665704782184,-0.2465784031189818,0.6859147304676938,-0.02524026204965489,-0.03842602877602964,,-0.040966408928327716,0.37107972363610797,,-0.3263855430348283,2.0,-0.11728615557482287,-0.23414256502620706,-0.3278377866124976,-0.27540893076588535,-0.9879985076311774,0.14612603000151073
