assists,bonus,bps,clean_sheets,goals_conceded,goals_scored,minutes,own_goals,penalties_missed,penalties_saved,red_cards,round,saves,selected,total_points,transfers_in,transfers_out,value,yellow_cards,own_FDR,opp_FDR
-0.24693001760597957,-0.22824520418604116,-0.3545914021024861,-0.3731224698958718,-0.564801740035241,-0.2465784031189818,-0.6915022442326466,-0.02524026204965489,-0.03842602877602964,,-0.040966408928327716,0.37107972363610797,,-0.35411209950760275,1.0,-0.24903478185359318,-0.25635539039193234,-0.3278377866124976,-0.27540893076588535,0.06816467709190577,-0.9319192078983848
