assists,bonus,bps,clean_sheets,goals_conceded,goals_scored,minutes,own_goals,penalties_missed,penalties_saved,red_cards,round,saves,selected,total_points,transfers_in,transfers_out,value,yellow_cards,own_FDR,opp_FDR
-0.2469300176059764,-0.22824520418603397,0.26250227176232666,-0.37312246989586473,2.470278726855205,-0.24657840311895732,0.6358268404785878,-0.02524026204965426,-0.038426028776013706,,-0.04096640892832957,0.3710797236361081,,-0.35398392321247213,2.0,-0.24800670598846145,-0.25633924735024216,-0.32783778661250107,-0.27540893076589285,-0.9879985076311723,0.14612603000151092
