assists,bonus,bps,clean_sheets,goals_conceded,goals_scored,minutes,own_goals,penalties_missed,penalties_saved,red_cards,round,saves,selected,total_points,transfers_in,transfers_out,value,yellow_cards,own_FDR,opp_FDR
-0.24693001760597957,-0.22824520418604116,-0.6631382390348887,-0.3731224698958718,-0.564801740035241,-0.2465784031189818,-0.9168977491836113,-0.02524026204965489,-0.03842602877602964,,-0.040966408928327716,-0.07678650055051357,,-0.35442242106423233,0.0,-0.2516120131319486,-0.2564361056003834,-0.6947247814932118,-0.27540893076588535,-0.9879985076311774,0.14612603000151073
-0.24693001760597957,-0.22824520418604116,-0.6631382390348887,-0.3731224698958718,-0.564801740035241,-0.2465784031189818,-0.9168977491836113,-0.02524026204965489,-0.03842602877602964,,-0.040966408928327716,0.012786744286810725,,-0.35425376804432496,0.0,-0.25065435342195863,-0.25632310430855193,-0.6947247814932118,-0.27540893076588535,-0.9879985076311774,0.14612603000151073
-0.24693001760597957,-0.22824520418604116,-0.6631382390348887,-0.3731224698958718,-0.564801740035241,-0.2465784031189818,-0.9168977491836113,-0.02524026204965489,-0.03842602877602964,,-0.040966408928327716,0.10235998912413503,,-0.3541340244001907,0.0,-0.25065435342195863,-0.25600024347474776,-0.6947247814932118,-0.27540893076588535,-0.9879985076311774,-0.9319192078983848
-0.24693001760597957,-0.22824520418604116,-0.6631382390348887,-0.3731224698958718,-0.564801740035241,-0.2465784031189818,-0.9168977491836113,-0.02524026204965489,-0.03842602877602964,,-0.040966408928327716,0.19193323396145934,,-0.3539518791386907,0.0,-0.24971077694299787,-0.2550478040150255,-0.6947247814932118,-0.27540893076588535,-0.9879985076311774,0.14612603000151073
-0.24693001760597957,-0.22824520418604116,-0.6631382390348887,-0.3731224698958718,-0.564801740035241,-0.2465784031189818,-0.9168977491836113,-0.02524026204965489,-0.03842602877602964,,-0.040966408928327716,0.28150647879878365,,-0.35388273140052867,0.0,-0.25087968511842684,-0.2558226700161555,-0.6947247814932118,-0.27540893076588535,-0.9879985076311774,0.14612603000151073
-0.24693001760597957,-0.22824520418604116,-0.6631382390348887,-0.3731224698958718,-0.564801740035241,-0.2465784031189818,-0.9168977491836113,-0.02524026204965489,-0.03842602877602964,,-0.040966408928327716,0.37107972363610797,,-0.3538608065079407,0.0,-0.25134443174239257,-0.25619395997503025,-0.6947247814932118,-0.27540893076588535,-0.9879985076311774,0.14612603000151073
