assists,bonus,bps,clean_sheets,goals_conceded,goals_scored,minutes,own_goals,penalties_missed,penalties_saved,red_cards,round,saves,selected,total_points,transfers_in,transfers_out,value,yellow_cards,own_FDR,opp_FDR
-0.2469300176059764,-0.22824520418603397,-0.6631382390349079,-0.37312246989586473,-0.5648017400352389,-0.24657840311895732,-0.9168977491836076,-0.02524026204965426,-0.038426028776013706,,-0.04096640892832957,-0.0767865005505136,,-0.35442242106423133,0.0,-0.25161201313195325,-0.2564361056003834,-0.6947247814932193,-0.27540893076589285,-0.9879985076311723,0.14612603000151092
-0.2469300176059764,-0.22824520418603397,-0.6631382390349079,-0.37312246989586473,-0.5648017400352389,-0.24657840311895732,-0.9168977491836076,-0.02524026204965426,-0.038426028776013706,,-0.04096640892832957,0.012786744286810729,,-0.35425376804432396,0.0,-0.25065435342196324,-0.25632310430855193,-0.6947247814932193,-0.27540893076589285,-0.9879985076311723,0.14612603000151092
-0.2469300176059764,-0.22824520418603397,-0.6631382390349079,-0.37312246989586473,-0.5648017400352389,-0.24657840311895732,-0.9168977491836076,-0.02524026204965426,-0.038426028776013706,,-0.04096640892832957,0.10235998912413506,,-0.3541340244001897,0.0,-0.25065435342196324,-0.25600024347474776,-0.6947247814932193,-0.27540893076589285,-0.9879985076311723,-0.931919207898386
-0.2469300176059764,-0.22824520418603397,-0.6631382390349079,-0.37312246989586473,-0.5648017400352389,-0.24657840311895732,-0.9168977491836076,-0.02524026204965426,-0.038426028776013706,,-0.04096640892832957,0.1919332339614594,,-0.35395187913868975,0.0,-0.24971077694300248,-0.2550478040150255,-0.6947247814932193,-0.27540893076589285,-0.9879985076311723,0.14612603000151092
-0.2469300176059764,-0.22824520418603397,-0.6631382390349079,-0.37312246989586473,-0.5648017400352389,-0.24657840311895732,-0.9168977491836076,-0.02524026204965426,-0.038426028776013706,,-0.04096640892832957,0.2815064787987837,,-0.35388273140052773,0.0,-0.25087968511843145,-0.2558226700161555,-0.6947247814932193,-0.27540893076589285,-0.9879985076311723,0.14612603000151092
-0.2469300176059764,-0.22824520418603397,-0.6631382390349079,-0.37312246989586473,-0.5648017400352389,-0.24657840311895732,-0.9168977491836076,-0.02524026204965426,-0.038426028776013706,,-0.04096640892832957,0.3710797236361081,,-0.3538608065079398,0.0,-0.25134443174239723,-0.25619395997503025,-0.6947247814932193,-0.27540893076589285,-0.9879985076311723,0.14612603000151092
