assists,bonus,bps,clean_sheets,goals_conceded,goals_scored,minutes,own_goals,penalties_missed,penalties_saved,red_cards,round,saves,selected,total_points,transfers_in,transfers_out,value,yellow_cards,own_FDR,opp_FDR
-0.24693001760597957,-0.22824520418604116,0.262502271762319,-0.3731224698958718,2.4702787268552138,-0.2465784031189818,0.6358268404785905,-0.02524026204965489,-0.03842602877602964,,-0.040966408928327716,0.37107972363610797,,-0.35398392321247313,2.0,-0.24800670598845687,-0.25633924735024216,-0.3278377866124976,-0.27540893076588535,-0.9879985076311774,0.14612603000151073
