assists,bonus,bps,clean_sheets,goals_conceded,goals_scored,minutes,own_goals,penalties_missed,penalties_saved,red_cards,round,saves,selected,total_points,transfers_in,transfers_out,value,yellow_cards,own_FDR,opp_FDR
-0.24693001760597957,-0.22824520418604116,-0.6631382390348887,-0.3731224698958718,-0.564801740035241,-0.2465784031189818,-0.9168977491836113,-0.02524026204965489,-0.03842602877602964,,-0.040966408928327716,0.012786744286810725,,-0.35442242106423233,0.0,-0.2516120131319486,-0.2564361056003834,-0.6947247814932118,-0.27540893076588535,2.180491046538072,-0.9319192078983848
-0.24693001760597957,-0.22824520418604116,-0.6631382390348887,-0.3731224698958718,-0.564801740035241,-0.2465784031189818,-0.9168977491836113,-0.02524026204965489,-0.03842602877602964,,-0.040966408928327716,0.10235998912413503,,-0.35438363086965363,0.0,-0.2513725982044511,-0.25637153343362257,-0.6947247814932118,-0.27540893076588535,2.180491046538072,-0.9319192078983848
-0.24693001760597957,-0.22824520418604116,-0.6631382390348887,-0.3731224698958718,-0.564801740035241,-0.2465784031189818,-0.9168977491836113,-0.02524026204965489,-0.03842602877602964,,-0.040966408928327716,0.19193323396145934,,-0.3543212292522879,0.0,-0.25107685035283656,-0.25609710172488903,-0.6947247814932118,-0.27540893076588535,2.180491046538072,1.2241712679014063
-0.24693001760597957,-0.22824520418604116,-0.6631382390348887,-0.3731224698958718,-0.564801740035241,-0.2465784031189818,-0.9168977491836113,-0.02524026204965489,-0.03842602877602964,,-0.040966408928327716,0.28150647879878365,,-0.3542993043596999,0.0,-0.2513303485113633,-0.25611324476657926,-0.6947247814932118,-0.27540893076588535,2.180491046538072,-0.9319192078983848
-0.24693001760597957,-0.22824520418604116,-0.6631382390348887,-0.3731224698958718,-0.564801740035241,-0.2465784031189818,-0.9168977491836113,-0.02524026204965489,-0.03842602877602964,,-0.040966408928327716,0.37107972363610797,,-0.3542807525275101,0.0,-0.2515415969768023,-0.25638767647531274,-0.6947247814932118,-0.27540893076588535,2.180491046538072,0.14612603000151073
