assists,bonus,bps,clean_sheets,goals_conceded,goals_scored,minutes,own_goals,penalties_missed,penalties_saved,red_cards,round,saves,selected,total_points,transfers_in,transfers_out,value,yellow_cards,own_FDR,opp_FDR
-0.2469300176059764,-0.22824520418603397,-0.14889351081422203,-0.37312246989586473,-0.5648017400352389,-0.24657840311895732,-0.6163704092489891,-0.02524026204965426,-0.038426028776013706,,-0.04096640892832957,0.3710797236361081,,-0.35324859604567593,1.0,-0.2419649998769068,-0.2559518143496772,-0.32783778661250107,-0.27540893076589285,-0.9879985076311723,-0.931919207898386
