assists,bonus,bps,clean_sheets,goals_conceded,goals_scored,minutes,own_goals,penalties_missed,penalties_saved,red_cards,round,saves,selected,total_points,transfers_in,transfers_out,value,yellow_cards,own_FDR,opp_FDR
-0.2469300176059764,-0.22824520418603397,-0.6631382390349079,-0.37312246989586473,-0.5648017400352389,-0.24657840311895732,-0.9168977491836076,-0.02524026204965426,-0.038426028776013706,,-0.04096640892832957,-1.5995316627850273,,-0.35282021737511116,0.0,-0.25161201313195325,-0.2564361056003834,-0.6947247814932193,-0.27540893076589285,0.0681646770919054,0.14612603000151092
-0.2469300176059764,-0.22824520418603397,-0.6631382390349079,-0.37312246989586473,-0.5648017400352389,-0.24657840311895732,-0.9168977491836076,-0.02524026204965426,-0.038426028776013706,,-0.04096640892832957,-1.509958417947703,,-0.3519600869735835,0.0,-0.24899253216050998,-0.2536756454713579,-0.6947247814932193,-0.27540893076589285,0.0681646770919054,-0.931919207898386
-0.2469300176059764,-0.22824520418603397,-0.6631382390349079,-0.37312246989586473,-0.5648017400352389,-0.24657840311895732,-0.9168977491836076,-0.02524026204965426,-0.038426028776013706,,-0.04096640892832957,-1.4203851731103787,,-0.3519988771681622,0.0,-0.2503304391082901,-0.25272320601163567,-0.6947247814932193,-0.27540893076589285,0.0681646770919054,-0.931919207898386
-0.2469300176059764,-0.22824520418603397,-0.5602892933907707,-0.37312246989586473,-0.5648017400352389,-0.24657840311895732,-0.7165461892271953,-0.02524026204965426,-0.038426028776013706,,-0.04096640892832957,-1.3308119282730542,,-0.35198369839637056,1.0,-0.25028818941520237,-0.2534173568043146,-0.6947247814932193,-0.27540893076589285,0.0681646770919054,-0.931919207898386
