assists,bonus,bps,clean_sheets,goals_conceded,goals_scored,minutes,own_goals,penalties_missed,penalties_saved,red_cards,round,saves,selected,total_points,transfers_in,transfers_out,value,yellow_cards,own_FDR,opp_FDR
-0.24693001760597957,-0.22824520418604116,-0.3545914021024861,-0.3731224698958718,-0.564801740035241,-0.2465784031189818,-0.7916780242108531,-0.02524026204965489,-0.03842602877602964,,-0.040966408928327716,0.28150647879878365,,-0.3543768847488573,1.0,-0.2512880988182755,-0.2564361056003834,-0.6947247814932118,-0.27540893076588535,0.06816467709190577,2.3022165058013018
-0.24693001760597957,-0.22824520418604116,-0.6631382390348887,-0.3731224698958718,-0.564801740035241,-0.2465784031189818,-0.9168977491836113,-0.02524026204965489,-0.03842602877602964,,-0.040966408928327716,0.37107972363610797,,-0.3542740064067138,0.0,-0.25080926896328054,-0.2562746751834813,-0.6947247814932118,-0.27540893076588535,0.06816467709190577,-0.9319192078983848
