assists,bonus,bps,clean_sheets,goals_conceded,goals_scored,minutes,own_goals,penalties_missed,penalties_saved,red_cards,round,saves,selected,total_points,transfers_in,transfers_out,value,yellow_cards,own_FDR,opp_FDR
-0.23387903820454897,-0.30167999565594034,-0.4710638168974449,-0.3395250709970062,-0.5377229517720006,-0.34759462978976435,-0.8315331405028561,-0.023148086753169827,-0.055577945426584736,,-0.043335144061854666,0.21247094711624703,,-0.4240565711797922,0.0,-0.35474134492075643,-0.36244987506780263,-0.8798561681553128,-0.2256901497569578,-0.8366003430413789,0.1385864291235436
-0.23387903820454897,-0.30167999565594034,-0.4710638168974449,-0.3395250709970062,-0.5377229517720006,-0.34759462978976435,-0.8315331405028561,-0.023148086753169827,-0.055577945426584736,,-0.043335144061854666,0.30316731939770647,,-0.42398148152739557,0.0,-0.3542227825183656,-0.36236110007925865,-0.8798561681553128,-0.2256901497569578,-0.8366003430413789,1.2099771669026569
-0.23387903820454897,-0.30167999565594034,-0.4710638168974449,-0.3395250709970062,-0.5377229517720006,-0.34759462978976435,-0.8315331405028561,-0.023148086753169827,-0.055577945426584736,,-0.043335144061854666,0.3938636916791659,,-0.4239416191193332,0.0,-0.3542814876959947,-0.3620836782400586,-0.8798561681553128,-0.2256901497569578,-0.8366003430413789,-0.9328043086555696
