assists,bonus,bps,clean_sheets,goals_conceded,goals_scored,minutes,own_goals,penalties_missed,penalties_saved,red_cards,round,saves,selected,total_points,transfers_in,transfers_out,value,yellow_cards,own_FDR,opp_FDR
-0.23387903820454584,-0.30167999565594367,-0.4710638168974435,-0.33952507099700024,-0.5377229517719996,-0.3475946297897755,-0.8315331405028489,-0.0231480867531685,-0.05557794542658461,,-0.04333514406185436,0.2124709471162471,,-0.42405657117979173,0.0,-0.3547413449207533,-0.3624498750678027,-0.8798561681553155,-0.22569014975695795,-0.8366003430413932,-0.9328043086555693
-0.23387903820454584,-0.30167999565594367,-0.4710638168974435,-0.33952507099700024,-0.5377229517719996,-0.3475946297897755,-0.8315331405028489,-0.0231480867531685,-0.05557794542658461,,-0.04333514406185436,0.3031673193977066,,-0.4239787004291582,0.0,-0.35424235091090556,-0.3623389063321227,-0.8798561681553155,-0.22569014975695795,0.33119991150685435,-0.9328043086555693
-0.23387903820454584,-0.30167999565594367,-0.4710638168974435,-0.33952507099700024,-0.5377229517719996,-0.3475946297897755,-0.8315331405028489,-0.0231480867531685,-0.05557794542658461,,-0.04333514406185436,0.393863691679166,,-0.423994459985834,0.0,-0.3547413449207533,-0.36227232509071466,-0.8798561681553155,-0.22569014975695795,-0.8366003430413932,1.2099771669026564
