assists,bonus,bps,clean_sheets,goals_conceded,goals_scored,minutes,own_goals,penalties_missed,penalties_saved,red_cards,round,saves,selected,total_points,transfers_in,transfers_out,value,yellow_cards,own_FDR,opp_FDR
-0.23387903820454584,-0.30167999565594367,-0.22257743166080937,-0.33952507099700024,-0.5377229517719996,-0.3475946297897755,-0.805433381779552,-0.0231480867531685,-0.05557794542658461,,-0.04333514406185436,0.393863691679166,,-0.42397499229817565,1.0,-0.35396839341530284,-0.36238329382639467,-0.8798561681553155,-0.22569014975695795,-0.8366003430413932,-0.9328043086555693
