assists,bonus,bps,clean_sheets,goals_conceded,goals_scored,minutes,own_goals,penalties_missed,penalties_saved,red_cards,round,saves,selected,total_points,transfers_in,transfers_out,value,yellow_cards,own_FDR,opp_FDR
-0.23387903820454897,-0.30167999565594034,-0.22257743166081007,-0.3395250709970062,-0.5377229517720006,-0.34759462978976435,-0.805433381779559,-0.023148086753169827,-0.055577945426584736,,-0.043335144061854666,0.3938636916791659,,-0.4239749922981761,1.0,-0.3539683934153059,-0.3623832938263946,-0.8798561681553128,-0.2256901497569578,-0.8366003430413789,-0.9328043086555696
