assists,bonus,bps,clean_sheets,goals_conceded,goals_scored,minutes,own_goals,penalties_missed,penalties_saved,red_cards,round,saves,selected,total_points,transfers_in,transfers_out,value,yellow_cards
-0.2338790382045509,-0.3016799956559358,-0.47106381689745125,-0.3395250709970026,-0.5377229517720025,-0.34759462978976646,-0.8315331405028495,-0.023148086753168724,-0.05557794542658457,,-0.043335144061855194,0.39386369167916635,,-0.4238591132049718,0.0,-0.35261817432983644,-0.3622834219642827,-0.6022854164028912,-0.2256901497569585
