assists,bonus,bps,clean_sheets,goals_conceded,goals_scored,minutes,own_goals,penalties_missed,penalties_saved,red_cards,round,saves,selected,total_points,transfers_in,transfers_out,value,yellow_cards
-0.2338790382045352,-0.3016799956559601,-0.47106381689745874,-0.3395250709969875,-0.5377229517719895,-0.34759462978978084,-0.8315331405028294,-0.02314808675317087,-0.055577945426585576,,-0.043335144061852425,0.39386369167916563,,-0.4238591132049715,0.0,-0.35261817432983217,-0.36228342196428254,-0.6022854164028859,-0.22569014975695176
