assists,bonus,bps,clean_sheets,goals_conceded,goals_scored,minutes,own_goals,penalties_missed,penalties_saved,red_cards,round,saves,selected,total_points,transfers_in,transfers_out,value,yellow_cards
-0.2338790382045352,-0.3016799956559601,-0.2225774316608166,-0.3395250709969875,-0.5377229517719895,-0.34759462978978084,-0.8054333817795333,-0.02314808675317087,-0.055577945426585576,,-0.043335144061852425,0.39386369167916563,,-0.4239749922981761,1.0,-0.3539683934153026,-0.36238329382639456,-0.8798561681552958,-0.22569014975695176
