assists,bonus,bps,clean_sheets,goals_conceded,goals_scored,minutes,own_goals,penalties_missed,penalties_saved,red_cards,round,saves,selected,total_points,transfers_in,transfers_out,value,yellow_cards
-0.2338790382045352,-0.3016799956559601,-0.47106381689745874,-0.3395250709969875,-0.5377229517719895,-0.34759462978978084,-0.8315331405028294,-0.02314808675317087,-0.055577945426585576,,-0.043335144061852425,0.2124709471162469,,-0.4240565711797922,0.0,-0.35474134492075315,-0.3624498750678026,-0.8798561681552958,-0.22569014975695176
-0.2338790382045352,-0.3016799956559601,-0.47106381689745874,-0.3395250709969875,-0.5377229517719895,-0.34759462978978084,-0.8315331405028294,-0.02314808675317087,-0.055577945426585576,,-0.043335144061852425,0.30316731939770625,,-0.42397128416719354,0.0,-0.35420321412581923,-0.3623611000792586,-0.8798561681552958,-0.22569014975695176
-0.2338790382045352,-0.3016799956559601,-0.47106381689745874,-0.3395250709969875,-0.5377229517719895,-0.34759462978978084,-0.8315331405028294,-0.02314808675317087,-0.055577945426585576,,-0.043335144061852425,0.39386369167916563,,-0.42392307846442046,0.0,-0.3540955879668325,-0.36199490325151457,-0.8798561681552958,-0.22569014975695176
