assists,bonus,bps,clean_sheets,goals_conceded,goals_scored,minutes,own_goals,penalties_missed,penalties_saved,red_cards,round,saves,selected,total_points,transfers_in,transfers_out,value,yellow_cards
-0.2338790382045509,-0.3016799956559358,-0.47106381689745125,-0.3395250709970026,-0.5377229517720025,-0.34759462978976646,-0.8315331405028495,-0.023148086753168724,-0.05557794542658457,,-0.043335144061855194,0.21247094711624726,,-0.42405657117979256,0.0,-0.3547413449207575,-0.3624498750678027,-0.8798561681553035,-0.2256901497569585
-0.2338790382045509,-0.3016799956559358,-0.47106381689745125,-0.3395250709970026,-0.5377229517720025,-0.34759462978976646,-0.8315331405028495,-0.023148086753168724,-0.05557794542658457,,-0.043335144061855194,0.3031673193977068,,-0.42398148152739595,0.0,-0.35422278251836664,-0.3623611000792587,-0.8798561681553035,-0.2256901497569585
-0.2338790382045509,-0.3016799956559358,-0.47106381689745125,-0.3395250709970026,-0.5377229517720025,-0.34759462978976646,-0.8315331405028495,-0.023148086753168724,-0.05557794542658457,,-0.043335144061855194,0.39386369167916635,,-0.42394161911933353,0.0,-0.35428148769599577,-0.36208367824005866,-0.8798561681553035,-0.2256901497569585
