assists,bonus,bps,clean_sheets,goals_conceded,goals_scored,minutes,own_goals,penalties_missed,penalties_saved,red_cards,round,saves,selected,total_points,transfers_in,transfers_out,value,yellow_cards,own_FDR,opp_FDR
5.083407041900676,-0.2368309446129022,1.5914390600700339,-0.38223415000252364,1.3179755116641174,-0.13897551606213787,1.1282917347647887,-0.06301858040199708,,,-0.05464254339871329,0.37205183065056296,,-0.438944745305519,4.0,-0.3079360595304724,-0.2978047141784337,-1.0362066619640065,-0.28288988482870336,-1.0532363929793271,-0.9326232348287736
