assists,bonus,bps,clean_sheets,goals_conceded,goals_scored,minutes,own_goals,penalties_missed,penalties_saved,red_cards,round,saves,selected,total_points,transfers_in,transfers_out,value,yellow_cards,own_FDR,opp_FDR
-0.17321270568277733,-0.23683094461289902,-0.7819631664509825,-0.3822341500025287,-0.5862803008165515,-0.13897551606214129,-0.9376781265754923,-0.06301858040199095,,,-0.054642543398713404,0.1934077949067591,,-0.4390300153032209,0.0,-0.3086632671061059,-0.29784486659261245,-1.0362066619639918,-0.28288988482869953,-1.053236392979346,0.14543523597857846
-0.17321270568277733,-0.23683094461289902,-0.7819631664509825,-0.3822341500025287,-0.5862803008165515,-0.13897551606214129,-0.9376781265754923,-0.06301858040199095,,,-0.054642543398713404,0.2827298127786612,,-0.43898226410450786,0.0,-0.3082996633182892,-0.2977846379713433,-1.0362066619639918,-0.28288988482869953,-1.053236392979346,0.14543523597857846
-0.17321270568277733,-0.23683094461289902,-0.7819631664509825,-0.3822341500025287,-0.5862803008165515,-0.13897551606214129,-0.9376781265754923,-0.06301858040199095,,,-0.054642543398713404,0.3720518306505633,,-0.4389856749044159,0.0,-0.3086632671061059,-0.297804714178433,-1.0362066619639918,-0.28288988482869953,-1.053236392979346,0.14543523597857846
