assists,bonus,bps,clean_sheets,goals_conceded,goals_scored,minutes,own_goals,penalties_missed,penalties_saved,red_cards,round,saves,selected,total_points,transfers_in,transfers_out,value,yellow_cards,own_FDR,opp_FDR
-0.17321270568277733,-0.23683094461289902,0.009170909056028218,-0.3822341500025287,-0.5862803008165515,-0.13897551606214129,0.10691337634936451,-0.06301858040199095,,,-0.054642543398713404,0.3720518306505633,,-0.43897885330459974,1.0,-0.308203978110969,-0.297804714178433,-1.0362066619639918,-0.28288988482869953,-1.053236392979346,-0.9326232348287748
