assists,bonus,bps,clean_sheets,goals_conceded,goals_scored,minutes,own_goals,penalties_missed,penalties_saved,red_cards,round,saves,selected,total_points,transfers_in,transfers_out,value,yellow_cards,own_FDR,opp_FDR
-0.17321270568277933,-0.2368309446129022,-0.38639612869747325,-0.38223415000252364,-0.5862803008165604,-0.13897551606213787,-0.8216124040282923,-0.06301858040199708,,,-0.05464254339871329,0.19340779490675894,,-0.435846033589032,1.0,-0.2728769995683534,-0.29541564553475824,-0.2546516135176723,-0.28288988482870336,0.0025834668892832685,1.2234937067859302
-0.17321270568277933,-0.2368309446129022,-0.4852878881358486,-0.38223415000252364,-0.5862803008165604,-0.13897551606213787,-0.8912518375566165,-0.06301858040199708,,,-0.05464254339871329,0.28272981277866094,,-0.42878226697940675,1.0,-0.22216383968865067,-0.28059940470255273,-0.2546516135176723,-0.28288988482870336,0.0025834668892832685,0.14543523597857827
-0.17321270568277933,-0.2368309446129022,-0.4852878881358486,-0.38223415000252364,0.36584760542377853,-0.13897551606213787,-0.914464982066058,-0.06301858040199708,,,-0.05464254339871329,0.37205183065056296,,-0.4295838049578046,1.0,-0.30035779111071303,-0.2798766612473232,-0.2546516135176723,-0.28288988482870336,0.0025834668892832685,-0.9326232348287736
