assists,bonus,bps,clean_sheets,goals_conceded,goals_scored,minutes,own_goals,penalties_missed,penalties_saved,red_cards,round,saves,selected,total_points,transfers_in,transfers_out,value,yellow_cards,own_FDR,opp_FDR
-0.17321270568277933,-0.2368309446129022,-0.7819631664509746,-0.38223415000252364,-0.5862803008165604,-0.13897551606213787,-0.9376781265754994,-0.06301858040199708,,,-0.05464254339871329,0.37205183065056296,,-0.43883901050836865,0.0,-0.3069600704158064,-0.29776456176425425,-1.0362066619640065,-0.28288988482870336,-1.0532363929793271,1.2234937067859302
