assists,bonus,bps,clean_sheets,goals_conceded,goals_scored,minutes,own_goals,penalties_missed,penalties_saved,red_cards,round,saves,selected,total_points,transfers_in,transfers_out,value,yellow_cards,own_FDR,opp_FDR
-0.17321270568277733,-0.23683094461289902,-0.7819631664509825,-0.3822341500025287,-0.5862803008165515,-0.13897551606214129,-0.9376781265754923,-0.06301858040199095,,,-0.054642543398713404,0.2827298127786612,,-0.4379692565318093,0.0,-0.29651124577644133,-0.29732288520828,-0.2546516135176687,-0.28288988482869953,-1.053236392979346,-0.9326232348287748
-0.17321270568277733,-0.23683094461289902,0.9980885034397917,-0.3822341500025287,3.2222313241447464,-0.13897551606214129,1.1515048792742213,-0.06301858040199095,,,-0.054642543398713404,0.3720518306505633,,-0.43605579778337866,-1.0,-0.28577536551511556,-0.2950341976000531,-0.2546516135176687,3.5348001899564085,-1.053236392979346,0.14543523597857846
