assists,bonus,bps,clean_sheets,goals_conceded,goals_scored,minutes,own_goals,penalties_missed,penalties_saved,red_cards,round,saves,selected,total_points,transfers_in,transfers_out,value,yellow_cards,own_FDR,opp_FDR
-0.17321270568277933,-0.2368309446129022,-0.7819631664509746,-0.38223415000252364,-0.5862803008165604,-0.13897551606213787,-0.9376781265754994,-0.06301858040199708,,,-0.05464254339871329,0.28272981277866094,,-0.4379692565318093,0.0,-0.2965112457764412,-0.29732288520828065,-0.2546516135176723,-0.28288988482870336,-1.0532363929793271,-0.9326232348287736
-0.17321270568277933,-0.2368309446129022,0.9980885034397817,-0.38223415000252364,3.222231324144795,-0.13897551606213787,1.1515048792742302,-0.06301858040199708,,,-0.05464254339871329,0.37205183065056296,,-0.43605579778337866,-1.0,-0.2857753655151155,-0.2950341976000538,-0.2546516135176723,3.5348001899564565,-1.0532363929793271,0.14543523597857827
