assists,bonus,bps,clean_sheets,goals_conceded,goals_scored,minutes,own_goals,penalties_missed,penalties_saved,red_cards,round,saves,selected,total_points,transfers_in,transfers_out,value,yellow_cards,own_FDR,opp_FDR
-0.17321270568277733,-0.23683094461289902,-0.38639612869747714,-0.3822341500025287,-0.5862803008165515,-0.13897551606214129,-0.8216124040282861,-0.06301858040199095,,,-0.054642543398713404,0.1934077949067591,,-0.435846033589032,1.0,-0.27287699956835343,-0.29541564553475763,-0.2546516135176687,-0.28288988482869953,0.002583466889283315,1.2234937067859317
-0.17321270568277733,-0.23683094461289902,-0.4852878881358535,-0.3822341500025287,-0.5862803008165515,-0.13897551606214129,-0.8912518375566097,-0.06301858040199095,,,-0.054642543398713404,0.2827298127786612,,-0.42878226697940675,1.0,-0.22216383968865072,-0.2805994047025521,-0.2546516135176687,-0.28288988482869953,0.002583466889283315,0.14543523597857846
-0.17321270568277733,-0.23683094461289902,-0.4852878881358535,-0.3822341500025287,0.36584760542377304,-0.13897551606214129,-0.9144649820660511,-0.06301858040199095,,,-0.054642543398713404,0.3720518306505633,,-0.4295838049578046,1.0,-0.3003577911107131,-0.2798766612473226,-0.2546516135176687,-0.28288988482869953,0.002583466889283315,-0.9326232348287748
