assists,bonus,bps,clean_sheets,goals_conceded,goals_scored,minutes,own_goals,penalties_missed,penalties_saved,red_cards,round,saves,selected,total_points,transfers_in,transfers_out,value,yellow_cards,own_FDR,opp_FDR
-0.17321270568277933,-0.2368309446129022,-0.7819631664509746,-0.38223415000252364,-0.5862803008165604,-0.13897551606213787,-0.9376781265754994,-0.06301858040199708,,,-0.05464254339871329,0.28272981277866094,,-0.4390300153032209,0.0,-0.30866326710610587,-0.2978448665926131,-1.0362066619640065,-0.28288988482870336,1.0584033267578936,0.14543523597857827
-0.17321270568277933,-0.2368309446129022,-0.7819631664509746,-0.38223415000252364,-0.5862803008165604,-0.13897551606213787,-0.9376781265754994,-0.06301858040199708,,,-0.05464254339871329,0.37205183065056296,,-0.4388185457089202,0.0,-0.30701748154019853,-0.2976842569358954,-1.0362066619640065,-0.28288988482870336,0.0025834668892832685,-0.9326232348287736
