assists,bonus,bps,clean_sheets,goals_conceded,goals_scored,minutes,own_goals,penalties_missed,penalties_saved,red_cards,round,saves,selected,total_points,transfers_in,transfers_out,value,yellow_cards,own_FDR,opp_FDR
-0.17321270568277733,-0.23683094461289902,-0.7819631664509825,-0.3822341500025287,-0.5862803008165515,-0.13897551606214129,-0.9376781265754923,-0.06301858040199095,,,-0.054642543398713404,0.3720518306505633,,-0.43883901050836865,0.0,-0.3069600704158065,-0.2977645617642536,-1.0362066619639918,-0.28288988482869953,-1.053236392979346,1.2234937067859317
