assists,bonus,bps,clean_sheets,goals_conceded,goals_scored,minutes,own_goals,penalties_missed,penalties_saved,red_cards,round,saves,selected,total_points,transfers_in,transfers_out,value,yellow_cards,own_FDR,opp_FDR
5.083407041900617,-0.23683094461289902,1.5914390600700496,-0.3822341500025287,1.3179755116640977,-0.13897551606214129,1.12829173476478,-0.06301858040199095,,,-0.054642543398713404,0.3720518306505633,,-0.438944745305519,4.0,-0.3079360595304725,-0.297804714178433,-1.0362066619639918,-0.28288988482869953,-1.053236392979346,-0.9326232348287748
