assists,bonus,bps,clean_sheets,goals_conceded,goals_scored,minutes,own_goals,penalties_missed,penalties_saved,red_cards,round,saves,selected,total_points,transfers_in,transfers_out,value,yellow_cards
-0.2049594999824072,-0.23902897633083522,-0.6751228013968354,-0.36803143119091297,-0.5591226733265934,-0.2101071458964301,-0.8889799361230011,-0.04409234367359747,-0.03093264430198045,-0.02564903413472062,-0.045056404050988985,0.3725478984829774,-0.17074905908919633,-0.3968871851821227,0.0,-0.2780327335027571,-0.28226714451078083,-0.8943905032846818,-0.26015424946097476
