assists,bonus,bps,clean_sheets,goals_conceded,goals_scored,minutes,own_goals,penalties_missed,penalties_saved,red_cards,round,saves,selected,total_points,transfers_in,transfers_out,value,yellow_cards
-0.2049594999824072,-0.23902897633083522,-0.6751228013968354,-0.36803143119091297,-0.5591226733265934,-0.2101071458964301,-0.8889799361230011,-0.04409234367359747,-0.03093264430198045,-0.02564903413472062,-0.045056404050988985,0.2829478680915073,-0.17074905908919633,-0.3961030239741829,0.0,-0.26978506344219766,-0.28189462046125285,-0.4968189477854444,-0.26015424946097476
-0.2049594999824072,-0.23902897633083522,1.0924783202730488,-0.36803143119091297,3.4280929802103244,-0.2101071458964301,1.2876099390241544,-0.04409234367359747,-0.03093264430198045,-0.02564903413472062,-0.045056404050988985,0.3725478984829774,-0.17074905908919633,-0.3943778693167155,-1.0,-0.2613108090393152,-0.27996426856824436,-0.4968189477854444,3.8438185595577647
