assists,bonus,bps,clean_sheets,goals_conceded,goals_scored,minutes,own_goals,penalties_missed,penalties_saved,red_cards,round,saves,selected,total_points,transfers_in,transfers_out,value,yellow_cards
-0.2049594999824072,-0.23902897633083522,-0.6751228013968354,-0.36803143119091297,-0.5591226733265934,-0.2101071458964301,-0.8889799361230011,-0.04409234367359747,-0.03093264430198045,-0.02564903413472062,-0.045056404050988985,0.19334783770003716,-0.17074905908919633,-0.3970593931336702,0.0,-0.2793771339338739,-0.28233487615614955,-0.4968189477854444,-0.26015424946097476
-0.2049594999824072,-0.23902897633083522,-0.6751228013968354,-0.36803143119091297,-0.5591226733265934,-0.2101071458964301,-0.8889799361230011,-0.04409234367359747,-0.03093264430198045,-0.02564903413472062,-0.045056404050988985,0.2829478680915073,-0.17074905908919633,-0.3970117284327955,0.0,-0.2790448102318001,-0.28231794324480736,-0.4968189477854444,-0.26015424946097476
-0.2049594999824072,-0.23902897633083522,-0.6751228013968354,-0.36803143119091297,-0.5591226733265934,-0.2101071458964301,-0.8889799361230011,-0.04409234367359747,-0.03093264430198045,-0.02564903413472062,-0.045056404050988985,0.3725478984829774,-0.17074905908919633,-0.3969932775808439,0.0,-0.2791505495915509,-0.2821994128654121,-0.4968189477854444,-0.26015424946097476
