assists,bonus,bps,clean_sheets,goals_conceded,goals_scored,minutes,own_goals,penalties_missed,penalties_saved,red_cards,round,saves,selected,total_points,transfers_in,transfers_out,value,yellow_cards
-0.2049594999824072,-0.23902897633083522,-0.6751228013968354,-0.36803143119091297,-0.5591226733265934,-0.2101071458964301,-0.8889799361230011,-0.04409234367359747,-0.03093264430198045,-0.02564903413472062,-0.045056404050988985,-0.07545225347437318,-0.17074905908919633,-0.3970593931336702,0.0,-0.2793771339338739,-0.28233487615614955,-0.4968189477854444,-0.26015424946097476
-0.2049594999824072,-0.23902897633083522,-0.6751228013968354,-0.36803143119091297,-0.5591226733265934,-0.2101071458964301,-0.8889799361230011,-0.04409234367359747,-0.03093264430198045,-0.02564903413472062,-0.045056404050988985,0.014147776917096936,-0.17074905908919633,-0.3969056360340742,0.0,-0.27834995158200937,-0.28221634577675425,-0.4968189477854444,-0.26015424946097476
-0.2049594999824072,-0.23902897633083522,-0.6751228013968354,-0.36803143119091297,-0.5591226733265934,-0.2101071458964301,-0.8889799361230011,-0.04409234367359747,-0.03093264430198045,-0.02564903413472062,-0.045056404050988985,0.10374780730856706,-0.17074905908919633,-0.39679646849336103,0.0,-0.27834995158200937,-0.28187768754991066,-0.4968189477854444,-0.26015424946097476
-0.2049594999824072,-0.23902897633083522,-0.6751228013968354,-0.36803143119091297,-0.5591226733265934,-0.2101071458964301,-0.8889799361230011,-0.04409234367359747,-0.03093264430198045,-0.02564903413472062,-0.045056404050988985,0.19334783770003716,-0.17074905908919633,-0.3966304108257973,0.0,-0.2773378748529664,-0.2808786457807221,-0.4968189477854444,-0.26015424946097476
-0.2049594999824072,-0.23902897633083522,-0.6751228013968354,-0.36803143119091297,-0.5591226733265934,-0.2101071458964301,-0.8889799361230011,-0.04409234367359747,-0.03093264430198045,-0.02564903413472062,-0.045056404050988985,0.2829478680915073,-0.17074905908919633,-0.3965673704149629,0.0,-0.278591641547154,-0.2816914255251467,-0.4968189477854444,-0.26015424946097476
-0.2049594999824072,-0.23902897633083522,-0.6751228013968354,-0.36803143119091297,-0.5591226733265934,-0.2101071458964301,-0.8889799361230011,-0.04409234367359747,-0.03093264430198045,-0.02564903413472062,-0.045056404050988985,0.3725478984829774,-0.17074905908919633,-0.39654738199201545,0.0,-0.2790901271002647,-0.2820808824860168,-0.4968189477854444,-0.26015424946097476
