assists,bonus,bps,clean_sheets,goals_conceded,goals_scored,minutes,own_goals,penalties_missed,penalties_saved,red_cards,round,saves,selected,total_points,transfers_in,transfers_out,value,yellow_cards
-0.03970544330302572,-0.2240499555476811,0.15895686002461906,-0.33111125972486116,0.5569726590660119,-0.011004303524181478,1.3858866642375656,-0.04405725037892865,,-0.07490444376257072,-0.024612333015172374,0.360332629025797,-0.5626037538243577,-0.5650058236991434,2.0,-0.3538103564031242,-0.3857205937473161,0.0661843940849215,-0.14055451734061938
