assists,bonus,bps,clean_sheets,goals_conceded,goals_scored,minutes,own_goals,penalties_missed,penalties_saved,red_cards,round,saves,selected,total_points,transfers_in,transfers_out,value,yellow_cards
-0.03970544330302572,-0.2240499555476811,-0.24550031146923523,-0.33111125972486116,1.5931249948549568,-0.011004303524181478,0.4709751114353246,-0.04405725037892865,,-0.07490444376257072,-0.024612333015172374,0.2707781447059658,-0.5626037538243577,-0.5649969301824829,0.0,-0.3538408683281772,-0.38572059374731604,0.0661843940849215,-0.14055451734061938
-0.03970544330302572,-0.2240499555476811,-0.6499574829630895,-0.33111125972486116,-0.47917967672293305,-0.011004303524181478,-0.7254476883829902,-0.04405725037892865,,-0.07490444376257072,-0.024612333015172374,0.360332629025797,-0.5626037538243577,-0.5650191639741343,0.0,-0.35603772693199026,-0.38348332346668995,0.0661843940849215,-0.14055451734061938
