assists,bonus,bps,clean_sheets,goals_conceded,goals_scored,minutes,own_goals,penalties_missed,penalties_saved,red_cards,round,saves,selected,total_points,transfers_in,transfers_out,value,yellow_cards
-0.03970544330302572,-0.2240499555476811,-0.6499574829630895,-0.33111125972486116,-0.47917967672293305,-0.011004303524181478,-0.7254476883829902,-0.04405725037892865,,-0.07490444376257072,-0.024612333015172374,0.2707781447059658,-0.5626037538243577,-0.5651703537573638,0.0,-0.35594619115683135,-0.3857572703092935,-0.8693697420898221,-0.14055451734061938
-0.03970544330302572,-0.2240499555476811,-0.6499574829630895,-0.33111125972486116,-0.47917967672293305,-0.011004303524181478,-0.7254476883829902,-0.04405725037892865,,-0.07490444376257072,-0.024612333015172374,0.360332629025797,-0.5626037538243577,-0.5649858132866572,0.0,-0.3558546553816725,-0.3856105640613836,-0.8693697420898221,-0.14055451734061938
