assists,bonus,bps,clean_sheets,goals_conceded,goals_scored,minutes,own_goals,penalties_missed,penalties_saved,red_cards,round,saves,selected,total_points,transfers_in,transfers_out,value,yellow_cards
-0.246930017605985,-0.22824520418604072,-0.6631382390348639,-0.3731224698958495,-0.564801740035239,-0.24657840311899995,-0.916897749183583,-0.025240262049661906,-0.03842602877603044,,-0.040966408928326314,-1.5995316627850293,,-0.35282021737511027,0.0,-0.2516120131319473,-0.2564361056003824,-0.6947247814932047,-0.2754089307658853
-0.246930017605985,-0.22824520418604072,-0.6631382390348639,-0.3731224698958495,-0.564801740035239,-0.24657840311899995,-0.916897749183583,-0.025240262049661906,-0.03842602877603044,,-0.040966408928326314,-1.5099584179477048,,-0.3519600869735826,0.0,-0.2489925321605041,-0.25367564547135696,-0.6947247814932047,-0.2754089307658853
-0.246930017605985,-0.22824520418604072,-0.6631382390348639,-0.3731224698958495,-0.564801740035239,-0.24657840311899995,-0.916897749183583,-0.025240262049661906,-0.03842602877603044,,-0.040966408928326314,-1.4203851731103805,,-0.3519988771681613,0.0,-0.25033043910828423,-0.2527232060116347,-0.6947247814932047,-0.2754089307658853
-0.246930017605985,-0.22824520418604072,-0.5602892933907335,-0.3731224698958495,-0.564801740035239,-0.24657840311899995,-0.7165461892271761,-0.025240262049661906,-0.03842602877603044,,-0.040966408928326314,-1.330811928273056,,-0.35198369839636967,1.0,-0.2502881894151964,-0.25341735680431365,-0.6947247814932047,-0.2754089307658853
