assists,bonus,bps,clean_sheets,goals_conceded,goals_scored,minutes,own_goals,penalties_missed,penalties_saved,red_cards,round,saves,selected,total_points,transfers_in,transfers_out,value,yellow_cards
-0.2469300176060417,-0.22824520418597125,-0.663138239034953,-0.3731224698959106,-0.5648017400351262,-0.24657840311899956,-0.9168977491834616,-0.025240262049660685,-0.038426028776020006,,-0.04096640892831647,-1.5995316627850502,,-0.3528202173751119,0.0,-0.2516120131319458,-0.25643610560038343,-0.6947247814931922,-0.27540893076596745
-0.2469300176060417,-0.22824520418597125,-0.663138239034953,-0.3731224698959106,-0.5648017400351262,-0.24657840311899956,-0.9168977491834616,-0.025240262049660685,-0.038426028776020006,,-0.04096640892831647,-1.5099584179477246,,-0.3519600869735842,0.0,-0.24899253216050263,-0.253675645471358,-0.6947247814931922,-0.27540893076596745
-0.2469300176060417,-0.22824520418597125,-0.663138239034953,-0.3731224698959106,-0.5648017400351262,-0.24657840311899956,-0.9168977491834616,-0.025240262049660685,-0.038426028776020006,,-0.04096640892831647,-1.420385173110399,,-0.3519988771681629,0.0,-0.25033043910828273,-0.2527232060116358,-0.6947247814931922,-0.27540893076596745
-0.2469300176060417,-0.22824520418597125,-0.5602892933908088,-0.3731224698959106,-0.5648017400351262,-0.24657840311899956,-0.7165461892270811,-0.025240262049660685,-0.038426028776020006,,-0.04096640892831647,-1.3308119282730733,,-0.3519836983963712,1.0,-0.250288189415195,-0.25341735680431465,-0.6947247814931922,-0.27540893076596745
