assists,bonus,bps,clean_sheets,goals_conceded,goals_scored,minutes,own_goals,penalties_missed,penalties_saved,red_cards,round,saves,selected,total_points,transfers_in,transfers_out,value,yellow_cards
-0.2469300176060417,-0.22824520418597125,-0.663138239034953,-0.3731224698959106,-0.5648017400351262,-0.24657840311899956,-0.9168977491834616,-0.025240262049660685,-0.038426028776020006,,-0.04096640892831647,-0.0767865005505147,,-0.35442242106423205,0.0,-0.2516120131319458,-0.25643610560038343,-0.6947247814931922,-0.27540893076596745
-0.2469300176060417,-0.22824520418597125,-0.663138239034953,-0.3731224698959106,-0.5648017400351262,-0.24657840311899956,-0.9168977491834616,-0.025240262049660685,-0.038426028776020006,,-0.04096640892831647,0.012786744286810913,,-0.3542537680443247,0.0,-0.25065435342195586,-0.256323104308552,-0.6947247814931922,-0.27540893076596745
-0.2469300176060417,-0.22824520418597125,-0.663138239034953,-0.3731224698959106,-0.5648017400351262,-0.24657840311899956,-0.9168977491834616,-0.025240262049660685,-0.038426028776020006,,-0.04096640892831647,0.10235998912413653,,-0.35413402440019043,0.0,-0.25065435342195586,-0.25600024347474787,-0.6947247814931922,-0.27540893076596745
-0.2469300176060417,-0.22824520418597125,-0.663138239034953,-0.3731224698959106,-0.5648017400351262,-0.24657840311899956,-0.9168977491834616,-0.025240262049660685,-0.038426028776020006,,-0.04096640892831647,0.19193323396146214,,-0.3539518791386904,0.0,-0.24971077694299512,-0.25504780401502564,-0.6947247814931922,-0.27540893076596745
-0.2469300176060417,-0.22824520418597125,-0.663138239034953,-0.3731224698959106,-0.5648017400351262,-0.24657840311899956,-0.9168977491834616,-0.025240262049660685,-0.038426028776020006,,-0.04096640892831647,0.28150647879878776,,-0.3538827314005284,0.0,-0.25087968511842407,-0.25582267001615555,-0.6947247814931922,-0.27540893076596745
-0.2469300176060417,-0.22824520418597125,-0.663138239034953,-0.3731224698959106,-0.5648017400351262,-0.24657840311899956,-0.9168977491834616,-0.025240262049660685,-0.038426028776020006,,-0.04096640892831647,0.37107972363611336,,-0.35386080650794044,0.0,-0.2513444317423898,-0.2561939599750303,-0.6947247814931922,-0.27540893076596745
