assists,bonus,bps,clean_sheets,goals_conceded,goals_scored,minutes,own_goals,penalties_missed,penalties_saved,red_cards,round,saves,selected,total_points,transfers_in,transfers_out,value,yellow_cards
-0.2469300176060417,-0.22824520418597125,1.3938406738479303,-0.3731224698959106,0.44689174892815314,3.3168078951266105,0.7360026204566769,-0.025240262049660685,-0.038426028776020006,,-0.04096640892831647,0.19193323396146214,,-0.35217090324846845,7.0,-0.22779726946145964,-0.24915559379809993,-0.3278377866124883,-0.27540893076596745
-0.2469300176060417,1.6893486537300633,1.5995385651362186,-0.3731224698959106,1.4585852378914324,3.3168078951266105,0.21007977557117824,-0.025240262049660685,-0.038426028776020006,,-0.04096640892831647,0.28150647879878776,,-0.34014088333847453,7.0,-0.14335421620999006,-0.2404867804104586,-0.3278377866124883,-0.27540893076596745
-0.2469300176060417,-0.22824520418597125,-0.3545914021025205,-0.3731224698959106,4.493665704781271,-0.24657840311899956,0.6859147304675817,-0.025240262049660685,-0.038426028776020006,,-0.04096640892831647,0.37107972363611336,,-0.32638554303482803,2.0,-0.11728615557482157,-0.23414256502620712,-0.3278377866124883,-0.27540893076596745
