assists,bonus,bps,clean_sheets,goals_conceded,goals_scored,minutes,own_goals,penalties_missed,penalties_saved,red_cards,round,saves,selected,total_points,transfers_in,transfers_out,value,yellow_cards
-0.246930017605985,-0.22824520418604072,-0.6631382390348639,-0.3731224698958495,-0.564801740035239,-0.24657840311899995,-0.916897749183583,-0.025240262049661906,-0.03842602877603044,,-0.040966408928326314,-0.0767865005505137,,-0.35442242106423044,0.0,-0.2516120131319473,-0.2564361056003824,-0.6947247814932047,-0.2754089307658853
-0.246930017605985,-0.22824520418604072,-0.6631382390348639,-0.3731224698958495,-0.564801740035239,-0.24657840311899995,-0.916897749183583,-0.025240262049661906,-0.03842602877603044,,-0.040966408928326314,0.012786744286810746,,-0.35437857127905453,0.0,-0.25133034851136205,-0.25632310430855093,-0.6947247814932047,-0.2754089307658853
-0.246930017605985,-0.22824520418604072,-0.6631382390348639,-0.3731224698958495,-0.564801740035239,-0.24657840311899995,-0.916897749183583,-0.025240262049661906,-0.03842602877603044,,-0.040966408928326314,0.10235998912413519,,-0.35433134843348046,0.0,-0.25124584912518644,-0.25630696126686076,-0.6947247814932047,-0.2754089307658853
-0.246930017605985,-0.22824520418604072,-0.6631382390348639,-0.3731224698958495,-0.564801740035239,-0.24657840311899995,-0.916897749183583,-0.025240262049661906,-0.03842602877603044,,-0.040966408928326314,0.19193323396145964,,-0.35428581211810545,0.0,-0.2511895162010694,-0.2560648156415076,-0.6947247814932047,-0.2754089307658853
-0.246930017605985,-0.22824520418604072,-0.6631382390348639,-0.3731224698958495,-0.564801740035239,-0.24657840311899995,-0.916897749183583,-0.025240262049661906,-0.03842602877603044,,-0.040966408928326314,0.2815064787987841,,-0.35430605048049435,0.0,-0.2516120131319473,-0.2562746751834803,-0.6947247814932047,-0.2754089307658853
-0.246930017605985,-0.22824520418604072,-0.6631382390348639,-0.3731224698958495,-0.564801740035239,-0.24657840311899995,-0.916897749183583,-0.025240262049661906,-0.03842602877603044,,-0.040966408928326314,0.3710797236361085,,-0.3543094235408925,0.0,-0.2516120131319473,-0.256403819517002,-0.6947247814932047,-0.2754089307658853
