assists,bonus,bps,clean_sheets,goals_conceded,goals_scored,minutes,own_goals,penalties_missed,penalties_saved,red_cards,round,saves,selected,total_points,transfers_in,transfers_out,value,yellow_cards
-0.246930017605985,-0.22824520418604072,-0.35459140210247286,-0.3731224698958495,-0.564801740035239,-0.24657840311899995,-0.7916780242108287,-0.025240262049661906,-0.03842602877603044,,-0.040966408928326314,0.2815064787987841,,-0.3543768847488555,1.0,-0.25128809881827424,-0.2564361056003824,-0.6947247814932047,-0.2754089307658853
-0.246930017605985,-0.22824520418604072,-0.6631382390348639,-0.3731224698958495,-0.564801740035239,-0.24657840311899995,-0.916897749183583,-0.025240262049661906,-0.03842602877603044,,-0.040966408928326314,0.3710797236361085,,-0.35427400640671197,0.0,-0.2508092689632792,-0.2562746751834803,-0.6947247814932047,-0.2754089307658853
