assists,bonus,bps,clean_sheets,goals_conceded,goals_scored,minutes,own_goals,penalties_missed,penalties_saved,red_cards,round,saves,selected,total_points,transfers_in,transfers_out,value,yellow_cards
-0.246930017605985,-0.22824520418604072,0.2625022717623092,-0.3731224698958495,2.4702787268552053,-0.24657840311899995,0.6358268404785707,-0.025240262049661906,-0.03842602877603044,,-0.040966408928326314,0.3710797236361085,,-0.35398392321247124,2.0,-0.2480067059884556,-0.25633924735024116,-0.32783778661249424,-0.2754089307658853
