assists,bonus,bps,clean_sheets,goals_conceded,goals_scored,minutes,own_goals,penalties_missed,penalties_saved,red_cards,round,saves,selected,total_points,transfers_in,transfers_out,value,yellow_cards
-0.2469300176060417,-0.22824520418597125,-0.663138239034953,-0.3731224698959106,-0.5648017400351262,-0.24657840311899956,-0.9168977491834616,-0.025240262049660685,-0.038426028776020006,,-0.04096640892831647,0.012786744286810913,,-0.35442242106423205,0.0,-0.2516120131319458,-0.25643610560038343,-0.6947247814931922,-0.27540893076596745
-0.2469300176060417,-0.22824520418597125,-0.663138239034953,-0.3731224698959106,-0.5648017400351262,-0.24657840311899956,-0.9168977491834616,-0.025240262049660685,-0.038426028776020006,,-0.04096640892831647,0.10235998912413653,,-0.35438363086965335,0.0,-0.25137259820444835,-0.2563715334336226,-0.6947247814931922,-0.27540893076596745
-0.2469300176060417,-0.22824520418597125,-0.663138239034953,-0.3731224698959106,-0.5648017400351262,-0.24657840311899956,-0.9168977491834616,-0.025240262049660685,-0.038426028776020006,,-0.04096640892831647,0.19193323396146214,,-0.3543212292522876,0.0,-0.2510768503528338,-0.2560971017248891,-0.6947247814931922,-0.27540893076596745
-0.2469300176060417,-0.22824520418597125,-0.663138239034953,-0.3731224698959106,-0.5648017400351262,-0.24657840311899956,-0.9168977491834616,-0.025240262049660685,-0.038426028776020006,,-0.04096640892831647,0.28150647879878776,,-0.35429930435969964,0.0,-0.25133034851136055,-0.2561132447665793,-0.6947247814931922,-0.27540893076596745
-0.2469300176060417,-0.22824520418597125,-0.663138239034953,-0.3731224698959106,-0.5648017400351262,-0.24657840311899956,-0.9168977491834616,-0.025240262049660685,-0.038426028776020006,,-0.04096640892831647,0.37107972363611336,,-0.35428075252750985,0.0,-0.2515415969767995,-0.2563876764753128,-0.6947247814931922,-0.27540893076596745
