assists,bonus,bps,clean_sheets,goals_conceded,goals_scored,minutes,own_goals,penalties_missed,penalties_saved,red_cards,round,saves,selected,total_points,transfers_in,transfers_out,value,yellow_cards
-0.246930017605985,-0.22824520418604072,1.3938406738477431,-0.3731224698958495,0.44689174892824246,3.3168078951266153,0.7360026204567742,-0.025240262049661906,-0.03842602877603044,,-0.040966408928326314,0.19193323396145964,,-0.35217090324846684,7.0,-0.227797269461461,-0.2491555937980989,-0.32783778661249424,-0.2754089307658853
-0.246930017605985,1.6893486537305775,1.599538565136004,-0.3731224698958495,1.458585237891724,3.3168078951266153,0.21007977557120605,-0.025240262049661906,-0.03842602877603044,,-0.040966408928326314,0.2815064787987841,,-0.340140883338473,7.0,-0.14335421620999092,-0.2404867804104576,-0.32783778661249424,-0.2754089307658853
-0.246930017605985,-0.22824520418604072,-0.35459140210247286,-0.3731224698958495,4.493665704782169,-0.24657840311899995,0.6859147304676725,-0.025240262049661906,-0.03842602877603044,,-0.040966408928326314,0.3710797236361085,,-0.32638554303482653,2.0,-0.11728615557482228,-0.23414256502620615,-0.32783778661249424,-0.2754089307658853
