assists,bonus,bps,clean_sheets,goals_conceded,goals_scored,minutes,own_goals,penalties_missed,penalties_saved,red_cards,round,saves,selected,total_points,transfers_in,transfers_out,value,yellow_cards
-0.246930017605985,-0.22824520418604072,-0.14889351081421218,-0.3731224698958495,-0.564801740035239,-0.24657840311899995,-0.6163704092489726,-0.025240262049661906,-0.03842602877603044,,-0.040966408928326314,0.3710797236361085,,-0.35324859604567505,1.0,-0.24196499987690112,-0.2559518143496762,-0.32783778661249424,-0.2754089307658853
