assists,bonus,bps,clean_sheets,goals_conceded,goals_scored,minutes,own_goals,penalties_missed,penalties_saved,red_cards,round,saves,selected,total_points,transfers_in,transfers_out,value,yellow_cards
-0.246930017605985,-0.22824520418604072,-0.6631382390348639,-0.3731224698958495,-0.564801740035239,-0.24657840311899995,-0.916897749183583,-0.025240262049661906,-0.03842602877603044,,-0.040966408928326314,0.012786744286810746,,-0.35442242106423044,0.0,-0.2516120131319473,-0.2564361056003824,-0.6947247814932047,-0.2754089307658853
-0.246930017605985,-0.22824520418604072,-0.6631382390348639,-0.3731224698958495,-0.564801740035239,-0.24657840311899995,-0.916897749183583,-0.025240262049661906,-0.03842602877603044,,-0.040966408928326314,0.10235998912413519,,-0.35438363086965174,0.0,-0.2513725982044498,-0.25637153343362157,-0.6947247814932047,-0.2754089307658853
-0.246930017605985,-0.22824520418604072,-0.6631382390348639,-0.3731224698958495,-0.564801740035239,-0.24657840311899995,-0.916897749183583,-0.025240262049661906,-0.03842602877603044,,-0.040966408928326314,0.19193323396145964,,-0.35432122925228604,0.0,-0.2510768503528353,-0.25609710172488803,-0.6947247814932047,-0.2754089307658853
-0.246930017605985,-0.22824520418604072,-0.6631382390348639,-0.3731224698958495,-0.564801740035239,-0.24657840311899995,-0.916897749183583,-0.025240262049661906,-0.03842602877603044,,-0.040966408928326314,0.2815064787987841,,-0.35429930435969803,0.0,-0.25133034851136205,-0.25611324476657826,-0.6947247814932047,-0.2754089307658853
-0.246930017605985,-0.22824520418604072,-0.6631382390348639,-0.3731224698958495,-0.564801740035239,-0.24657840311899995,-0.916897749183583,-0.025240262049661906,-0.03842602877603044,,-0.040966408928326314,0.3710797236361085,,-0.35428075252750824,0.0,-0.251541596976801,-0.25638767647531174,-0.6947247814932047,-0.2754089307658853
