assists,bonus,bps,clean_sheets,goals_conceded,goals_scored,minutes,own_goals,penalties_missed,penalties_saved,red_cards,round,saves,selected,total_points,transfers_in,transfers_out,value,yellow_cards
-0.2469300176060417,-0.22824520418597125,-0.14889351081423216,-0.3731224698959106,-0.5648017400351262,-0.24657840311899956,-0.616370409248891,-0.025240262049660685,-0.038426028776020006,,-0.04096640892831647,0.37107972363611336,,-0.35324859604567665,1.0,-0.24196499987689968,-0.25595181434967723,-0.3278377866124883,-0.27540893076596745
