assists,bonus,bps,clean_sheets,goals_conceded,goals_scored,minutes,own_goals,penalties_missed,penalties_saved,red_cards,round,saves,selected,total_points,transfers_in,transfers_out,value,yellow_cards
-0.246930017605985,-0.22824520418604072,-0.35459140210247286,-0.3731224698958495,-0.564801740035239,-0.24657840311899995,-0.6915022442326252,-0.025240262049661906,-0.03842602877603044,,-0.040966408928326314,0.3710797236361085,,-0.35411209950760086,1.0,-0.2490347818535919,-0.25635539039193134,-0.32783778661249424,-0.2754089307658853
