assists,bonus,bps,clean_sheets,goals_conceded,goals_scored,minutes,own_goals,penalties_missed,penalties_saved,red_cards,round,saves,selected,total_points,transfers_in,transfers_out,value,yellow_cards
-0.2469300176060417,-0.22824520418597125,0.2625022717623445,-0.3731224698959106,2.4702787268547115,-0.24657840311899956,0.6358268404784866,-0.025240262049660685,-0.038426028776020006,,-0.04096640892831647,0.37107972363611336,,-0.35398392321247285,2.0,-0.24800670598845412,-0.2563392473502422,-0.3278377866124883,-0.27540893076596745
