assists,bonus,bps,clean_sheets,goals_conceded,goals_scored,minutes,own_goals,penalties_missed,penalties_saved,red_cards,round,saves,selected,total_points,transfers_in,transfers_out,value,yellow_cards
-0.2469300176060417,-0.22824520418597125,-0.3545914021025205,-0.3731224698959106,-0.5648017400351262,-0.24657840311899956,-0.7916780242107239,-0.025240262049660685,-0.038426028776020006,,-0.04096640892831647,0.28150647879878776,,-0.35437688474885704,1.0,-0.25128809881827274,-0.25643610560038343,-0.6947247814931922,-0.27540893076596745
-0.2469300176060417,-0.22824520418597125,-0.663138239034953,-0.3731224698959106,-0.5648017400351262,-0.24657840311899956,-0.9168977491834616,-0.025240262049660685,-0.038426028776020006,,-0.04096640892831647,0.37107972363611336,,-0.3542740064067135,0.0,-0.25080926896327776,-0.25627467518348135,-0.6947247814931922,-0.27540893076596745
