assists,bonus,bps,clean_sheets,goals_conceded,goals_scored,minutes,own_goals,penalties_missed,penalties_saved,red_cards,round,saves,selected,total_points,transfers_in,transfers_out,value,yellow_cards,own_FDR,opp_FDR
-0.03965018502335354,-0.2237230364893052,-0.2438912081297363,-0.33060083749796776,1.596166087296769,-0.01098901098901048,0.4733024750234087,-0.043995913391860174,,-0.07479977974442761,-0.024578113036371863,0.2726110522530884,-0.5615751824558796,-0.5642465922597958,0.0,-0.3533814492109749,-0.3852446682105908,0.0689601866745934,-0.14035536313178268,-0.9937932125487098,-0.9372932423686806
-0.03965018502335354,-0.2237230364893052,-0.6486738706254466,-0.33060083749796776,-0.47836131895051087,-0.01098901098901048,-0.7239107253809397,-0.043995913391860174,,-0.07479977974442761,-0.024578113036371863,0.3621976280579944,-0.5615751824558796,-0.5642688496935582,0.0,-0.35558103511176536,-0.38300464855413835,0.0689601866745934,-0.14035536313178268,-0.9937932125487098,0.14177325840360427
