assists,bonus,bps,clean_sheets,goals_conceded,goals_scored,minutes,own_goals,penalties_missed,penalties_saved,red_cards,round,saves,selected,total_points,transfers_in,transfers_out,value,yellow_cards,own_FDR,opp_FDR
-0.03965018502335354,-0.2237230364893052,-0.6486738706254466,-0.33060083749796776,-0.47836131895051087,-0.01098901098901048,-0.7239107253809397,-0.043995913391860174,,-0.07479977974442761,-0.024578113036371863,0.2726110522530884,-0.5615751824558796,-0.5644202002431422,0.0,-0.35548938569923244,-0.38528138984430316,-0.8665891348396663,-0.14035536313178268,0.01957972097128352,0.14177325840360427
-0.03965018502335354,-0.2237230364893052,-0.6486738706254466,-0.33060083749796776,-0.47836131895051087,-0.01098901098901048,-0.7239107253809397,-0.043995913391860174,,-0.07479977974442761,-0.024578113036371863,0.3621976280579944,-0.5615751824558796,-0.5642354635429145,0.0,-0.35539773628669946,-0.3851345033094538,-0.8665891348396663,-0.14035536313178268,0.01957972097128352,2.299906259948174
