assists,bonus,bps,clean_sheets,goals_conceded,goals_scored,minutes,own_goals,penalties_missed,penalties_saved,red_cards,round,saves,selected,total_points,transfers_in,transfers_out,value,yellow_cards,own_FDR,opp_FDR
-0.03965018502335201,-0.22372303648930525,-0.6486738706254518,-0.3306008374979643,-0.47836131895051004,-0.010989010989010818,-0.7239107253809407,-0.04399591339186202,,-0.07479977974442703,-0.024578113036371637,0.27261105225308857,-0.5615751824558812,-0.5644202002431412,0.0,-0.35548938569923244,-0.3852813898443024,-0.866589134839664,-0.14035536313178915,0.01957972097128326,0.141773258403604
-0.03965018502335201,-0.22372303648930525,-0.6486738706254518,-0.3306008374979643,-0.47836131895051004,-0.010989010989010818,-0.7239107253809407,-0.04399591339186202,,-0.07479977974442703,-0.024578113036371637,0.3621976280579946,-0.5615751824558812,-0.5642354635429135,0.0,-0.3553977362866995,-0.38513450330945304,-0.866589134839664,-0.14035536313178915,0.01957972097128326,2.2999062599481697
