assists,bonus,bps,clean_sheets,goals_conceded,goals_scored,minutes,own_goals,penalties_missed,penalties_saved,red_cards,round,saves,selected,total_points,transfers_in,transfers_out,value,yellow_cards,own_FDR,opp_FDR
-0.03965018502335354,-0.2237230364893052,0.16089145436597396,-0.33060083749796776,0.558902384173129,-0.01098901098901048,1.3888184518032045,-0.043995913391860174,,-0.07479977974442761,-0.024578113036371863,0.3621976280579944,-0.5615751824558796,-0.5642554952333007,2.0,-0.35335089940679726,-0.3852446682105908,0.0689601866745934,-0.14035536313178268,-0.9937932125487098,-0.9372932423686806
