assists,bonus,bps,clean_sheets,goals_conceded,goals_scored,minutes,own_goals,penalties_missed,penalties_saved,red_cards,round,saves,selected,total_points,transfers_in,transfers_out,value,yellow_cards,own_FDR,opp_FDR
-0.03965018502335201,-0.22372303648930525,0.16089145436597527,-0.3306008374979643,0.558902384173128,-0.010989010989010818,1.3888184518032067,-0.04399591339186202,,-0.07479977974442703,-0.024578113036371637,0.3621976280579946,-0.5615751824558812,-0.5642554952332997,2.0,-0.3533508994067973,-0.38524466821059,0.06896018667459324,-0.14035536313178915,-0.9937932125486966,-0.9372932423686787
