assists,bonus,bps,clean_sheets,goals_conceded,goals_scored,minutes,own_goals,penalties_missed,penalties_saved,red_cards,round,saves,selected,total_points,transfers_in,transfers_out,value,yellow_cards,own_FDR,opp_FDR
-0.03965018502335201,-0.22372303648930525,-0.24389120812973827,-0.3306008374979643,1.5961660872967662,-0.010989010989010818,0.47330247502340944,-0.04399591339186202,,-0.07479977974442703,-0.024578113036371637,0.27261105225308857,-0.5615751824558812,-0.5642465922597947,0.0,-0.353381449210975,-0.38524466821059,0.06896018667459324,-0.14035536313178915,-0.9937932125486966,-0.9372932423686787
-0.03965018502335201,-0.22372303648930525,-0.6486738706254518,-0.3306008374979643,-0.47836131895051004,-0.010989010989010818,-0.7239107253809407,-0.04399591339186202,,-0.07479977974442703,-0.024578113036371637,0.3621976280579946,-0.5615751824558812,-0.5642688496935571,0.0,-0.35558103511176536,-0.3830046485541376,0.06896018667459324,-0.14035536313178915,-0.9937932125486966,0.141773258403604
